{"cameraMode":{"drawMode":0,"name":"Shaded","section":"Shading Mode"},"sceneLighting":true,"audioPlay":false,"sceneViewState":{"m_AlwaysRefresh":false,"showFog":true,"showSkybox":true,"showFlares":true,"showImageEffects":true,"showParticleSystems":true,"showVisualEffectGraphs":true,"m_FxEnabled":true},"in2DMode":false,"pivot":{"x":-0.6357789039611816,"y":0.9011325836181641,"z":152.3927764892578},"rotation":{"x":0.7351362109184265,"y":0.005084179807454348,"z":-0.005513639189302921,"w":0.6778777241706848},"size":43.65983200073242,"orthographic":true}